"Query","Match","HMDB","PubChem","ChEBI","KEGG","METLIN","SMILES","Comment"
"1752","4-Nonylphenol","HMDB0038982","1752","34440","C14550",NA,"CCCCCCCCCC1=CC=C(O)C=C1","1"
"75528849","NA","NA","NA","NA","NA","NA","NA","0"
"49864481","Thr-Val-Leu",NA,"49864481",NA,NA,NA,NA,"1"
"18653118","Glutamylphenylalanine","HMDB0029156","18653118",NA,NA,NA,"N[C@@H](CCC(O)=O)C(=O)N[C@@H](CC1=CC=CC=C1)C(O)=O","1"
"23789044","NA","NA","NA","NA","NA","NA","NA","0"
"94136","NA","NA","NA","NA","NA","NA","NA","0"
"135412609","NA","NA","NA","NA","NA","NA","NA","0"
"92865","gamma-Glutamylglutamic acid","HMDB0011737","92865","73705","C05282",NA,"N[C@@H](CCC(=O)N[C@@H](CCC(O)=O)C(O)=O)C(O)=O","1"
"17473","Uridine diphosphate glucuronic acid","HMDB0000935","17473","17200","C00167","5884","O[C@@H]1[C@@H](COP(O)(=O)OP(O)(=O)O[C@H]2O[C@@H]([C@@H](O)[C@H](O)[C@H]2O)C(O)=O)O[C@H]([C@@H]1O)N1C=CC(=O)NC1=O","1"
"6131","Cytidine monophosphate","HMDB0000095","6131","17361","C00055","5143","NC1=NC(=O)N(C=C1)[C@@H]1O[C@H](COP(O)(O)=O)[C@@H](O)[C@H]1O","1"
"10455148","S-Glutathionyl-cysteine",NA,"10455148",NA,NA,NA,NA,"1"
"675","Dimethylbenzimidazole","HMDB0003701","675","15890","C03114",NA,"CC1=CC2=C(C=C1C)N=CN2","1"
"7311","2,4-Di-tert-butylphenol","HMDB0013816","7311","89188",NA,NA,"CC(C)(C)C1=CC=C(O)C(=C1)C(C)(C)C","1"
"45783154","NA","NA","NA","NA","NA","NA","NA","0"
"8485","4-Dodecylbenzenesulfonic Acid","HMDB0059915","8485",NA,NA,NA,"CCCCCCCCCCCCC1=CC=C(C=C1)S(O)(=O)=O","1"
"5702199","NA","NA","NA","NA","NA","NA","NA","0"
"16760655","NA","NA","NA","NA","NA","NA","NA","0"
"6256","Trifluridine","HMDB0014576","6256","75179",NA,NA,"OC[C@H]1O[C@H](C[C@@H]1O)N1C=C(C(=O)NC1=O)C(F)(F)F","1"
"446154","NA","NA","NA","NA","NA","NA","NA","0"
"9427","5-Fluorouridine","HMDB0060396","9427","40154","C16633",NA,"OC[C@H]1O[C@H]([C@H](O)[C@@H]1O)N1C=C(F)C(=O)NC1=O","1"
"190","Adenine","HMDB0000034","190","16708","C00147","85","NC1=C2NC=NC2=NC=N1","1"
"5478883","NA","NA","NA","NA","NA","NA","NA","0"
"72172","NA","NA","NA","NA","NA","NA","NA","0"
"9995423","NA","NA","NA","NA","NA","NA","NA","0"
"6021","Inosine","HMDB0000195","6021","17596","C00294","84","OC[C@H]1O[C@H]([C@H](O)[C@@H]1O)N1C=NC2=C(O)N=CN=C12","1"
"6305","L-Tryptophan","HMDB0000929","6305","16828","C00078","5879","N[C@@H](CC1=CNC2=C1C=CC=C2)C(O)=O","1"
"6613","Pantothenic acid","HMDB0000210","6613","46905","C00864",NA,"CC(C)(CO)[C@@H](O)C(=O)NCCC(O)=O","1"
"445675","Uridine diphosphate-N-acetylglucosamine","HMDB0000290","445675","16264","C00043","5281","CC(=O)N[C@@H]1[C@@H](O)[C@H](O)[C@@H](CO)O[C@@H]1OP(O)(=O)OP(O)(=O)OC[C@H]1O[C@H]([C@H](O)[C@@H]1O)N1C=CC(=O)NC1=O","1"
"10171586","Glutamylglutamine","HMDB0028817","10171586","141435",NA,NA,"N[C@@H](CCC(O)=O)C(=O)N[C@@H](CCC(N)=O)C(O)=O","1"
"8629","Uridine diphosphate glucose","HMDB0000286","8629","46229","C00029","5278","OC[C@H]1O[C@H](OP(O)(=O)OP(O)(=O)OC[C@H]2O[C@H]([C@H](O)[C@@H]2O)N2C=CC(=O)NC2=O)[C@H](O)[C@@H](O)[C@@H]1O","1"
"6030","Uridine 5'-monophosphate","HMDB0000288","6030","16695","C00105",NA,"O[C@H]1[C@@H](O)[C@@H](O[C@@H]1COP(O)(O)=O)N1C=CC(=O)NC1=O","1"
"439236","Ribose 1-phosphate","HMDB0001489","439236","16300","C00620","6273","OC[C@H]1O[C@H](OP(O)(O)=O)[C@H](O)[C@@H]1O","1"
"311","Citric acid","HMDB0000094","311","30769","C00158","124","OC(=O)CC(O)(CC(O)=O)C(O)=O","1"
"65533","Glucose 1-phosphate","HMDB0001586","65533","29042","C00103","6331","OC[C@H]1O[C@H](OP(O)(O)=O)[C@H](O)[C@@H](O)[C@@H]1O","1"
"65359","Oxidized glutathione","HMDB0003337","65359","17858","C00127","6893","N[C@@H](CCC(=O)N[C@@H](CSSC[C@H](NC(=O)CC[C@H](N)C(O)=O)C(=O)NCC(O)=O)C(=O)NCC(O)=O)C(O)=O","1"
"23461900","NA","NA","NA","NA","NA","NA","NA","0"
"9161","Acenaphthylene","HMDB0247900","9161","33081",NA,NA,"C1=CC2=C3C1=CC=CC3=CC=C2","1"
"88069","NA","NA","NA","NA","NA","NA","NA","0"
"19762195","Tryptophyl-Cysteine","HMDB0029080","19762195",NA,NA,NA,"NC(CC1=CNC2=C1C=CC=C2)C(=O)NC(CS)C(O)=O","1"
"68712","NA","NA","NA","NA","NA","NA","NA","0"
"446355","NA","NA","NA","NA","NA","NA","NA","0"
"20280","NA","NA","NA","NA","NA","NA","NA","0"
"6426901","2-Methylbutyroylcarnitine","HMDB0000378","6426901","73026",NA,"5367","CCC(C)C(=O)OC(CC([O-])=O)C[N+](C)(C)C","1"
"1923","Quinolin-8-ol",NA,"1923",NA,NA,NA,NA,"1"
"84218","NA","NA","NA","NA","NA","NA","NA","0"
"2893","Cyclandelate","HMDB0015586","2893","3988",NA,NA,"CC1CC(CC(C)(C)C1)OC(=O)C(O)C1=CC=CC=C1","1"
"46907872","PC(16:0/5:0(COOH))",NA,"46907872","61822",NA,NA,"CCCCCCCCCCCCCCCC(=O)OC(COP(=O)()OCC(C)(C)C)OC(=O)CCCC(=O)O","1"
"7059","6-Methylquinoline","HMDB0033115","7059",NA,NA,NA,"CC1=CC2=C(C=C1)N=CC=C2","1"
"798","Indole","HMDB0000738","798","16881","C00463","286","N1C=CC2=C1C=CC=C2","1"
"107738","NA","NA","NA","NA","NA","NA","NA","0"
"2947388","NA","NA","NA","NA","NA","NA","NA","0"
"1130","Thiamine","HMDB0000235","1130","18385","C00378","5242","CC1=C(CCO)SC=[N+]1CC1=CN=C(C)N=C1N","1"
"222870","NA","NA","NA","NA","NA","NA","NA","0"
"67427","N-a-Acetyl-L-arginine","HMDB0004620","67427","40521",NA,NA,"CC(=O)N[C@@H](CCCNC(N)=N)C(O)=O","1"
"145453725","Ala-Val-Val",NA,"145453725",NA,NA,NA,NA,"1"
"1993","Methacholine","HMDB0015654","1993","6804","C07471",NA,"CC(C[N+](C)(C)C)OC(C)=O","1"
"7582","Dicyclohexylamine","HMDB0251214","7582",NA,"C14686",NA,"C1CCC(CC1)NC1CCCCC1","1"
"145455472","Glu-Pro-Arg",NA,"145455472",NA,NA,NA,NA,"1"
"53662383","Arg-Gly-Glu",NA,"53662383",NA,NA,NA,NA,"1"
"145458202","Thr-Thr-Arg",NA,"145458202",NA,NA,NA,NA,"1"
"194260","NA","NA","NA","NA","NA","NA","NA","0"
"10914","NA","NA","NA","NA","NA","NA","NA","0"
"9605288","NA","NA","NA","NA","NA","NA","NA","0"
"6995653","Glutamylserine","HMDB0028828","6995653","73509",NA,NA,"N[C@@H](CCC(O)=O)C(=O)N[C@@H](CO)C(O)=O","1"
"12599","Deoxyadenosine monophosphate","HMDB0000905","12599","17713","C00360","3461","NC1=NC=NC2=C1N=CN2[C@H]1C[C@H](O)[C@@H](COP(O)(O)=O)O1","1"
"53393933","NA","NA","NA","NA","NA","NA","NA","0"
"145455357","Glu-Gln-Gln",NA,"145455357",NA,NA,NA,NA,"1"
"151428","Lysylserine","HMDB0028960","151428","74568",NA,NA,"NCCCC[C@H](N)C(=O)N[C@@H](CO)C(O)=O","1"
"71363012","Glutaminyllysine","HMDB0028802","71363012",NA,NA,NA,"[H][C@](N)(CCC(O)=N)C(O)=N[C@@]([H])(CCCCN)C(O)=O","1"
"6995004","NA","NA","NA","NA","NA","NA","NA","0"
"5885","NADP","HMDB0000217","5885","44409","C00006","5227","NC(=O)C1=C[N+](=CC=C1)[C@@H]1O[C@H](COP([O-])(=O)OP(O)(=O)OC[C@H]2O[C@H]([C@H](OP(O)(O)=O)[C@@H]2O)N2C=NC3=C2N=CN=C3N)[C@@H](O)[C@H]1O","1"
"123831","Asymmetric dimethylarginine","HMDB0001539","123831","17929","C03626","6309","N[C@@H](CCC\N=C(/N)N(C)C)C(O)=O","1"
"18687359","NA","NA","NA","NA","NA","NA","NA","0"
"5870","Estrone","HMDB0000145","5870","17263","C00468","264","[H][C@@]12CCC(=O)[C@@]1(C)CC[C@]1([H])C3=C(CC[C@@]21[H])C=C(O)C=C3","1"
"10719","1,4-Dimethyl-7-ethylazulene","HMDB0036470","10719","3573","C09633",NA,"CCC1=CC2=C(C)C=CC2=C(C)C=C1","1"
"9543716","DG(18:1(9Z)/18:1(9Z)/0:0)","HMDB0007218","9543716","52333","C00165","4355","[H][C@](CO)(COC(=O)CCCCCCC\C=C/CCCCCCCC)OC(=O)CCCCCCC\C=C/CCCCCCCC","1"
"6811","NA","NA","NA","NA","NA","NA","NA","0"
"14275348","NA","NA","NA","NA","NA","NA","NA","0"
"5283564","Cer(d18:1/16:0)","HMDB0004949","5283564","72959","C00195","7202","[H][C@@](CO)(NC(=O)CCCCCCCCCCCCCCC)[C@H](O)\C=C\CCCCCCCCCCCCC","1"
"8343","Bis(2-ethylhexyl)phthalate",NA,"8343",NA,NA,NA,NA,"1"
"76468","Docosanamide","HMDB0000583","76468",NA,NA,"5565","CCCCCCCCCCCCCCCCCCCCCC(N)=O","1"
"145740499","NA","NA","NA","NA","NA","NA","NA","0"
"5283454","Oleoylethanolamide","HMDB0002088","5283454","71466",NA,NA,"CCCCCCCC\C=C/CCCCCCCC(=O)NCCO","1"
"5365369","NA","NA","NA","NA","NA","NA","NA","0"
"12550","Antimycin A","HMDB0248488","12550",NA,"C11339",NA,"CCCCCCC1C(OC(=O)CC(C)C)C(C)OC(=O)C(NC(=O)C2=CC=CC(NC=O)=C2O)C(C)OC1=O","1"
"10934979","NA","NA","NA","NA","NA","NA","NA","0"
"101354717","NA","NA","NA","NA","NA","NA","NA","0"
"6453427","NA","NA","NA","NA","NA","NA","NA","0"
"10241","NA","NA","NA","NA","NA","NA","NA","0"
"15560610","MG(18:0/0:0/0:0)","HMDB0011131","15560610","75550",NA,NA,"[H][C@](O)(CO)COC(=O)CCCCCCCCCCCCCCCCC","1"
"101713141","Pipericine","HMDB0031678","101713141",NA,NA,NA,"CCCCCCCCCCCCC\C=C/C=C/C(=O)NCC(C)C","1"
"5365910","Methyl geranate","HMDB0059816","5365910",NA,NA,NA,"COC(=O)\C=C(/C)CCC=C(C)C","1"
"124046976","NA","NA","NA","NA","NA","NA","NA","0"
"61014","Ethylene brassylate","HMDB0040459","61014",NA,NA,NA,"O=C1CCCCCCCCCCCC(=O)OCCO1","1"
"5283468","NA","NA","NA","NA","NA","NA","NA","0"
"33022","Monoelaidin","HMDB0254854","33022",NA,NA,NA,"CCCCCCCCC=CCCCCCCCC(=O)OCC(O)CO","1"
"193313","NA","NA","NA","NA","NA","NA","NA","0"
"549043","2-Linoleoyl Glycerol","HMDB0245187","549043","173124",NA,NA,"CCCCCC=CCC=CCCCCCCCC(=O)OC(CO)CO","1"
"444539","trans-Cinnamic acid","HMDB0000930","444539","35697","C10438","5880","OC(=O)\C=C\C1=CC=CC=C1","1"
"54454","Simvastatin","HMDB0005007","54454","9150",NA,"2443","[H][C@]12[C@H](C[C@@H](C)C=C1C=C[C@H](C)[C@@H]2CC[C@@H]1C[C@@H](O)CC(=O)O1)OC(=O)C(C)(C)CC","1"
"3084463","MG(16:0/0:0/0:0)","HMDB0011564","3084463","75542",NA,NA,"[H][C@](O)(CO)COC(=O)CCCCCCCCCCCCCCC","1"
"25107527","avocadene acetate",NA,"25107527",NA,NA,NA,"C=CCCCCCCCCCCC(O)C(O)COC(C)=O","1"
"45360032","Avocadene 2-acetate","HMDB0031044","45360032",NA,NA,NA,"CC(=O)OC(CO)CC(O)CCCCCCCCCCCC=C","1"
"9883914","NA","NA","NA","NA","NA","NA","NA","0"
"69757690","N-(octadecanoyl)-homoserine lactone",NA,"69757690",NA,NA,NA,"CCCCCCCCCCCCCCCCCC(=O)N1CCOC1=O","1"
"5283446","Linoleoyl ethanolamide","HMDB0012252","5283446","64032",NA,NA,"CCCCC\C=C/C\C=C/CCCCCCCC(=O)NCCO","1"
"5354133","NA","NA","NA","NA","NA","NA","NA","0"
"46781754","NA","NA","NA","NA","NA","NA","NA","0"
"6780","Anthraquinone","HMDB0248468","6780","40448","C16207",NA,"O=C1C2=CC=CC=C2C(=O)C2=CC=CC=C12","1"
"87050856","NA","NA","NA","NA","NA","NA","NA","0"
"53181947","NA","NA","NA","NA","NA","NA","NA","0"
"5362736","NA","NA","NA","NA","NA","NA","NA","0"
"53232","Lovastatin","HMDB0014372","53232","40303","C07074",NA,"[H][C@]12[C@H](C[C@@H](C)C=C1C=C[C@H](C)[C@@H]2CC[C@@H]1C[C@@H](O)CC(=O)O1)OC(=O)[C@@H](C)CC","1"
"56828897","NA","NA","NA","NA","NA","NA","NA","0"
"53016544","NA","NA","NA","NA","NA","NA","NA","0"
"638014","beta-Ionone","HMDB0036565","638014","32325","C12287",NA,"CC(=O)\C=C\C1=C(C)CCCC1(C)C","1"
"56842298","NA","NA","NA","NA","NA","NA","NA","0"
"68057","alpha-Ionene","HMDB0059826","68057","87604",NA,NA,"CC1=CC=C2C(CCCC2(C)C)=C1","1"
"890650","NA","NA","NA","NA","NA","NA","NA","0"
"68827","Artemisin",NA,"68827","223316","C09538",NA,"C1CC2(C)C(=O)O3O4(C)CC132OO4","1"
"2854","Mevastatin","HMDB0254692","2854",NA,NA,NA,"CCC(C)C(=O)OC1CCC=C2C=CC(C)C(CCC3CC(O)CC(=O)O3)C12","1"
"25750964","Acoric acid","HMDB0038165","25750964",NA,NA,NA,"CC(C)C(=O)[C@]1(CC[C@@H](C)C(=O)C1)[C@@H](C)CC(O)=O","1"
"71684475","NA","NA","NA","NA","NA","NA","NA","0"
"53185236","NA","NA","NA","NA","NA","NA","NA","0"
"22193708","NA","NA","NA","NA","NA","NA","NA","0"
"108068","Parthenolide",NA,"108068",NA,"C07609",NA,"C=C1C(=O)O21CC/C(C)=C/CC1(C)O21","1"
"118705846","NA","NA","NA","NA","NA","NA","NA","0"
"64727","NA","NA","NA","NA","NA","NA","NA","0"
"15601259","NA","NA","NA","NA","NA","NA","NA","0"
"94013","NA","NA","NA","NA","NA","NA","NA","0"
"352309","NA","NA","NA","NA","NA","NA","NA","0"
"11259090","NA","NA","NA","NA","NA","NA","NA","0"
"45783164","NA","NA","NA","NA","NA","NA","NA","0"
"75411942","NA","NA","NA","NA","NA","NA","NA","0"
"5989122","NA","NA","NA","NA","NA","NA","NA","0"
"9931182","NA","NA","NA","NA","NA","NA","NA","0"
"13955650","Glycohyodeoxycholic acid","HMDB0304944","13955650",NA,NA,NA,"CC(CCC(=O)NCC(O)=O)C1CCC2C3CC(O)C4CC(O)CCC4(C)C3CCC12C","1"
"6436265","NA","NA","NA","NA","NA","NA","NA","0"
"23557187","PC(16:0/5:0(CHO))",NA,"23557187","77890",NA,NA,"CCCCCCCCCCCCCCCC(=O)OC(COP(=O)()OCC(C)(C)C)OC(=O)CCCC=O","1"
"9546747","PE(16:0/18:2(9Z,12Z))","HMDB0008928","9546747","73008","C00350",NA,"[H][C@@](COC(=O)CCCCCCCCCCCCCCC)(COP(O)(=O)OCCN)OC(=O)CCCCCCC\C=C/C\C=C/CCCCC","1"
"51136368","NA","NA","NA","NA","NA","NA","NA","0"
"16081932","LysoPC(18:1/0:0)","HMDB0002815","16081932","28610","C04230","184","CCCCCCCC\C=C/CCCCCCCC(=O)OC[C@@H](O)COP([O-])(=O)OCC[N+](C)(C)C","1"
"9546757","PE(18:1(9Z)/18:1(9Z))","HMDB0009059","9546757","74986","C00350",NA,"[H][C@@](COC(=O)CCCCCCC\C=C/CCCCCCCC)(COP(O)(=O)OCCN)OC(=O)CCCCCCC\C=C/CCCCCCCC","1"
"24778679","PC(16:0/14:0)","HMDB0007965","24778679","75304","C00157",NA,"[H][C@@](COC(=O)CCCCCCCCCCCCCCC)(COP([O-])(=O)OCC[N+](C)(C)C)OC(=O)CCCCCCCCCCCCC","1"
"24778931","PC(18:1(9Z)/14:0)","HMDB0008097","24778931","86092","C00157",NA,"CCCCCCCCCCCCCC(=O)O[C@]([H])(COC(=O)CCCCCCC\C=C/CCCCCCCC)COP([O-])(=O)OCC[N+](C)(C)C","1"
"10350317","PC(36:2)","HMDB0000593","10350317","74669","C00157","5572","CCCCCCCC\C=C/CCCCCCCC(=O)OC[C@H](COP([O-])(=O)OCC[N+](C)(C)C)OC(=O)CCCCCCC\C=C/CCCCCCCC","1"
"5497103","PC(16:0/18:1(9Z))","HMDB0007972","5497103","73001","C00157",NA,"[H][C@@](COC(=O)CCCCCCCCCCCCCCC)(COP([O-])(=O)OCC[N+](C)(C)C)OC(=O)CCCCCCC\C=C/CCCCCCCC","1"
"11953816","Palmitoylcarnitine","HMDB0000222","11953816","17490","C02990","5231","CCCCCCCCCCCCCCCC(=O)O[C@H](CC(O)=O)C[N+](C)(C)C","1"
"5283496","PE(16:0/18:1(9Z))","HMDB0008927","5283496","73007","C00350",NA,"[H][C@@](COC(=O)CCCCCCCCCCCCCCC)(COP(O)(=O)OCCN)OC(=O)CCCCCCC\C=C/CCCCCCCC","1"
"16667735","NA","NA","NA","NA","NA","NA","NA","0"
"460602","LysoPC(16:0/0:0)","HMDB0010382","460602","72998","C04230",NA,"CCCCCCCCCCCCCCCC(=O)OC[C@@H](O)COP([O-])(=O)OCC[N+](C)(C)C","1"
"NA","NA","NA","NA","NA","NA","NA","NA","0"
"5288075","PC(18:2(9Z,12Z)/18:2(9Z,12Z))","HMDB0008138","5288075","42027","C00157",NA,"CCCCC\C=C/C\C=C/CCCCCCCC(=O)OC[C@]([H])(COP([O-])(=O)OCC[N+](C)(C)C)OC(=O)CCCCCCC\C=C/C\C=C/CCCCC","1"
"24778764","PC(16:1(9Z)/16:1(9Z))","HMDB0008002","24778764","83717","C00157",NA,"CCCCCC\C=C/CCCCCCCC(=O)OC[C@]([H])(COP([O-])(=O)OCC[N+](C)(C)C)OC(=O)CCCCCCC\C=C/CCCCCC","1"
"3038493","NA","NA","NA","NA","NA","NA","NA","0"
"936","Niacinamide","HMDB0001406","936","17154","C00153","1497","NC(=O)C1=CC=CN=C1","1"
"440104","(S)-4-Hydroxymandelonitrile","HMDB0060318","440104","16660","C03742",NA,"O[C@H](C#N)C1=CC=C(O)C=C1","1"
"6441886","PC(38:6)","HMDB0007991","6441886","74963","C00157",NA,"CCCCCCCCCCCCCCCC(=O)OC[C@]([H])(COP([O-])(=O)OCC[N+](C)(C)C)OC(=O)CC\C=C/C\C=C/C\C=C/C\C=C/C\C=C/C\C=C/CC","1"
"17580936","NA","NA","NA","NA","NA","NA","NA","0"
"17472","Hexaethylene glycol","HMDB0061822","17472","49793",NA,NA,"OCCOCCOCCOCCOCCOCCO","1"
"129657","PC(30:0)","HMDB0007869","129657","75062","C00157",NA,"[H][C@@](COC(=O)CCCCCCCCCCCCC)(COP([O-])(=O)OCC[N+](C)(C)C)OC(=O)CCCCCCCCCCCCCCC","1"
"20909567","NA","NA","NA","NA","NA","NA","NA","0"
"5459377","PC(14:0/14:0)","HMDB0007866","5459377","45240","C00157",NA,"[H][C@@](COC(=O)CCCCCCCCCCCCC)(COP([O-])(=O)OCC[N+](C)(C)C)OC(=O)CCCCCCCCCCCCC","1"
"439176","5'-Methylthioadenosine","HMDB0001173","439176","17509","C00170","3425","CSC[C@H]1O[C@H]([C@H](O)[C@@H]1O)N1C=NC2=C1N=CN=C2N","1"
"65057","Diphenylcyclopropenone","HMDB0251457","65057","53074",NA,NA,"O=C1C(=C1C1=CC=CC=C1)C1=CC=CC=C1","1"
"6857784","NA","NA","NA","NA","NA","NA","NA","0"
"7128360","NA","NA","NA","NA","NA","NA","NA","0"
"10229","9-Hydroxyphenanthrene","HMDB0059801","10229","28820","C11430",NA,"OC1=CC2=CC=CC=C2C2=CC=CC=C12","1"
"1538454","NA","NA","NA","NA","NA","NA","NA","0"
"11349","3-Hydroxyflavone","HMDB0031816","11349","5078","C01495",NA,"OC1=C(OC2=CC=CC=C2C1=O)C1=CC=CC=C1","1"
"71752444","NA","NA","NA","NA","NA","NA","NA","0"
"46907933","Oleoylcarnitine","HMDB0005065","46907933","84651",NA,NA,"CCCCCCCC\C=C/CCCCCCCC(=O)O[C@H](CC(O)=O)C[N+](C)(C)C","1"
"10236014","2,3,6-Trimethylbenzaldehyde","HMDB0032014","10236014",NA,NA,NA,"CC1=C(C)C(C=O)=C(C)C=C1","1"
"820084","NA","NA","NA","NA","NA","NA","NA","0"
"4766","NA","NA","NA","NA","NA","NA","NA","0"
"52922056","Stearoylcarnitine","HMDB0000848","52922056","84644",NA,"5811","CCCCCCCCCCCCCCCCCC(=O)O[C@H](CC(O)=O)C[N+](C)(C)C","1"
"6450015","Linoleyl carnitine","HMDB0006469","6450015","84098",NA,NA,"CCCCC\C=C/C\C=C/CCCCCCCC(=O)O[C@H](CC(O)=O)C[N+](C)(C)C","1"
"7348","N-LAUROYLSARCOSINE","HMDB0255165","7348",NA,NA,NA,"CCCCCCCCCCCC(=O)N(C)CC(O)=O","1"
"354616","Gentianine","HMDB0303030","354616","28981","C06525",NA,"C=CC1=C2CCOC(=O)C2=CN=C1","1"
"1054","Pyridoxine","HMDB0000239","1054","16709","C00314","5245","CC1=C(O)C(CO)=C(CO)C=N1","1"
"6453725","SM(d18:1/18:0)","HMDB0001348","6453725","83358","C00550","176","[H][C@@](COP([O-])(=O)OCC[N+](C)(C)C)(NC(=O)CCCCCCCCCCCCCCCCC)[C@H](O)\C=C\CCCCCCCCCCCCC","1"
"14856193","NA","NA","NA","NA","NA","NA","NA","0"
"9939941","SM(d18:1/16:0)","HMDB0010169","9939941","78646","C00550",NA,"[H][C@@](COP([O-])(=O)OCC[N+](C)(C)C)(NC(=O)CCCCCCCCCCCCCCC)[C@H](O)\C=C\CCCCCCCCCCCCC","1"
"9839084","9-OxoODE","HMDB0004669","9839084","72842","C14766",NA,"CCCCC\C=C/C=C/C(=O)CCCCCCCC(O)=O","1"
"125219","NA","NA","NA","NA","NA","NA","NA","0"
"5071","Rimantadine","HMDB0014621","5071","193858","C07236",NA,"CC(N)C12CC3CC(CC(C3)C1)C2","1"
"13690","NA","NA","NA","NA","NA","NA","NA","0"
"9547135","LysoPG(18:1(9Z)/0:0)","HMDB0240602","9547135","72952",NA,NA,"CCCCCCCC\C=C/CCCCCCCC(=O)OC[C@@H](O)COP(O)(=O)OC[C@@H](O)CO","1"
"1989736","NA","NA","NA","NA","NA","NA","NA","0"
"27476","1-Methyladenosine","HMDB0003331","27476","16020","C02494","6888","CN1C=NC2=C(N=CN2[C@@H]2O[C@H](CO)[C@@H](O)[C@H]2O)C1=N","1"
"53107855","NA","NA","NA","NA","NA","NA","NA","0"
"24779527","LysoPC(P-18:0/0:0)","HMDB0013122","24779527","133662","C04230",NA,"CCCCCCCCCCCCCCCC\C=C/OC[C@](O)([H])COP([O-])(=O)OCC[N+](C)(C)C","1"
"168381","Dodecanoylcarnitine","HMDB0002250","168381","77086",NA,"6573","CCCCCCCCCCCC(=O)O[C@H](CC(O)=O)C[N+](C)(C)C","1"
"10917802","LysoPC(P-16:0/0:0)","HMDB0010407","10917802","73850","C04230",NA,"CCCCCCCCCCCCCC\C=C/OC[C@](O)([H])COP([O-])(=O)OCC[N+](C)(C)C","1"
"57545134","NA","NA","NA","NA","NA","NA","NA","0"
"2499","NA","NA","NA","NA","NA","NA","NA","0"
"5283387","Oleamide","HMDB0002117","5283387","116314","C19670",NA,"CCCCCCCC\C=C/CCCCCCCC(N)=O","1"
"24779463","LysoPC(17:0/0:0)","HMDB0012108","24779463","74340","C04230",NA,"CCCCCCCCCCCCCCCCC(=O)OC[C@@H](O)COP([O-])(=O)OCC[N+](C)(C)C","1"
"11005824","LysoPC(18:2/0:0)","HMDB0010386","11005824","28733","C04230",NA,"CCCCC\C=C/C\C=C/CCCCCCCC(=O)OC[C@@H](O)COP([O-])(=O)OCC[N+](C)(C)C","1"
"91746196","NA","NA","NA","NA","NA","NA","NA","0"
"460604","LysoPC(14:0/0:0)","HMDB0010379","460604","64489","C04230",NA,"CCCCCCCCCCCCCC(=O)OC[C@@H](O)COP([O-])(=O)OCC[N+](C)(C)C","1"
"7359122","NA","NA","NA","NA","NA","NA","NA","0"
"3910","Leupeptin","HMDB0254042","3910",NA,NA,NA,"CC(C)CC(NC(C)=O)C(=O)NC(CC(C)C)C(=O)NC(CCCNC(N)=N)C=O","1"
"5282367","Menatetrenone","HMDB0030017","5282367","78277","C00828",NA,"CC(C)=CCC\C(C)=C\CC\C(C)=C\CC\C(C)=C\CC1=C(C)C(=O)C2=CC=CC=C2C1=O","1"
"9547071","LysoPE(18:1(9Z)/0:0)","HMDB0011506","9547071","74971",NA,NA,"[H][C@@](O)(COC(=O)CCCCCCC\C=C/CCCCCCCC)COP(O)(=O)OCCN","1"
"52925130","LysoPE(18:2(9Z,12Z)/0:0)","HMDB0011507","52925130","83058",NA,NA,"[H][C@@](O)(COC(=O)CCCCCCC\C=C/C\C=C/CCCCC)COP(O)(=O)OCCN","1"
"9547069","LysoPE(16:0/0:0)","HMDB0011503","9547069","73004",NA,NA,"[H][C@@](O)(COC(=O)CCCCCCCCCCCCCCC)COP(O)(=O)OCCN","1"
"52925129","LysoPE(16:1(9Z)/0:0)","HMDB0011504","52925129",NA,NA,NA,"[H][C@@](O)(COC(=O)CCCCCCC\C=C/CCCCCC)COP(O)(=O)OCCN","1"
"790","Hypoxanthine","HMDB0000157","790","17368","C00262","83","OC1=NC=NC2=C1NC=N2","1"
"29758","NA","NA","NA","NA","NA","NA","NA","0"
"68470","NA","NA","NA","NA","NA","NA","NA","0"
"3246938","Hexanoylcarnitine","HMDB0000756","3246938","84834",NA,"3548","CCCCCC(=O)O[C@H](CC(O)=O)C[N+](C)(C)C","1"
"3000792","NA","NA","NA","NA","NA","NA","NA","0"
"764","Guanine","HMDB0000132","764","16235","C00242","315","NC1=NC(=O)C2=C(N1)N=CN2","1"
"977525","NA","NA","NA","NA","NA","NA","NA","0"
"20056604","NA","NA","NA","NA","NA","NA","NA","0"
"46907870","PC(16:0/9:0(COOH))",NA,"46907870","61817",NA,NA,"CCCCCCCCCCCCCCCC(=O)OC(COP(=O)()OCC(C)(C)C)OC(=O)CCCCCCCC(=O)O","1"
"284016","NA","NA","NA","NA","NA","NA","NA","0"
"597","Cytosine","HMDB0000630","597","16040","C00380","283","NC1=CC=NC(=O)N1","1"
"10328","Indoline","HMDB0253472","10328","43295",NA,NA,"C1CC2=CC=CC=C2N1","1"
"213144","Butyrylcarnitine","HMDB0002013","213144","21949","C02862","6436","CCCC(=O)O[C@H](CC([O-])=O)C[N+](C)(C)C","1"
"3052","Diethylcarbamazine","HMDB0014849","3052","129569","C07968",NA,"CCN(CC)C(=O)N1CCN(C)CC1","1"
"5904","Penicillin G","HMDB0015186","5904","18208","C05551",NA,"[H][C@]12SC(C)(C)[C@@H](N1C(=O)[C@H]2NC(=O)CC1=CC=CC=C1)C(O)=O","1"
"597283","NA","NA","NA","NA","NA","NA","NA","0"
"3917","Methylnoradrenaline","HMDB0002832","3917","142891","C17925","1217","CC(N)C(O)C1=CC(O)=C(O)C=C1","1"
"171548","Biotin","HMDB0000030","171548","15956","C00120","243","[H][C@]12CS[C@@H](CCCCC(O)=O)[C@@]1([H])NC(=O)N2","1"
"76599","NA","NA","NA","NA","NA","NA","NA","0"
"69457","NA","NA","NA","NA","NA","NA","NA","0"
"76079","NA","NA","NA","NA","NA","NA","NA","0"
"1136","5-(2-Hydroxyethyl)-4-methylthiazole","HMDB0032985","1136","17957","C04294",NA,"CC1=C(CCO)SC=N1","1"
"7045767","L-Acetylcarnitine","HMDB0000201","7045767","57589","C02571","5213","CC(=O)O[C@H](CC(O)=O)C[N+](C)(C)C","1"
"67701","Guanidinopropionic acid","HMDB0013222","67701","15968","C03065",NA,"NC(=N)NCCC(O)=O","1"
"10917","L-Carnitine","HMDB0000062","10917","16347","C00487","52","C[N+](C)(C)C[C@H](O)CC(O)=O","1"
"444109","NA","NA","NA","NA","NA","NA","NA","0"
"101179","Histidylglycine","HMDB0028885","101179","73930",NA,NA,"N[C@@H](CC1=CNC=N1)C(=O)NCC(O)=O","1"
"444523","Valylarginine","HMDB0029121","444523","73711",NA,NA,"CC(C)[C@H](N)C(=O)N[C@@H](CCCNC(N)=N)C(O)=O","1"
"64969","Methylhistidine","HMDB0000479","64969","27596","C01152","5466","[H][C@](N)(CC1=CN=CN1C)C(O)=O","1"
"439155","S-Adenosylhomocysteine","HMDB0000939","439155","16680","C00021","296","N[C@@H](CCSC[C@H]1O[C@H]([C@H](O)[C@@H]1O)N1C=NC2=C1N=CN=C2N)C(O)=O","1"
"657272","Glycerophosphocholine","HMDB0000086","657272","16870","C00670","370","C[N+](C)(C)CCOP([O-])(=O)OC[C@H](O)CO","1"
"88245162","Glu-Cys-Ala",NA,"88245162",NA,NA,NA,NA,"1"
"145453804","Arg-Glu-Ala",NA,"145453804",NA,NA,NA,NA,"1"
"99478","O-Acetylserine","HMDB0003011","99478","17981","C00979","3270","CC(=O)OC[C@H](N)C(O)=O","1"
"56776200","NA","NA","NA","NA","NA","NA","NA","0"
"7016110","Threonylarginine","HMDB0029055","7016110","74825",NA,NA,"C[C@@H](O)[C@H](N)C(=O)N[C@@H](CCCNC(N)=N)C(O)=O","1"
"7020333","Arginylalanine","HMDB0028702","7020333","73810",NA,NA,"C[C@H](NC(=O)[C@@H](N)CCCNC(N)=N)C(O)=O","1"
"3838871","Prolyl-Aspartate","HMDB0029013","3838871",NA,NA,NA,"OC(=O)CC(NC(=O)C1CCCN1)C(O)=O","1"
"145458046","Thr-Glu-Gly",NA,"145458046",NA,NA,NA,NA,"1"
"643981","NA","NA","NA","NA","NA","NA","NA","0"
"7010588","NA","NA","NA","NA","NA","NA","NA","0"
"125416427","NA","NA","NA","NA","NA","NA","NA","0"
"22791125","NA","NA","NA","NA","NA","NA","NA","0"
"6274","Histidine","HMDB0000177","6274","15971","C00135","21","N[C@@H](CC1=CN=CN1)C(O)=O","1"
"7010504","Lysylalanine","HMDB0028944","7010504","61872",NA,NA,"C[C@H](NC(=O)[C@@H](N)CCCCN)C(O)=O","1"
"333414","Glycyl-Arginine","HMDB0028835","333414",NA,NA,NA,"NCC(O)=NC(CCCNC(N)=N)C(O)=O","1"
"439156","NA","NA","NA","NA","NA","NA","NA","0"
"67678","L-Cystine","HMDB0000192","67678","16283","C00491","5207","N[C@@H](CSSC[C@H](N)C(O)=O)C(O)=O","1"
"7021454","Arginylserine","HMDB0028718","7021454","73819",NA,NA,"N[C@@H](CCCNC(N)=N)C(=O)N[C@@H](CO)C(O)=O","1"
"6083","Adenosine monophosphate","HMDB0000045","6083","16027","C00020","5111","NC1=C2N=CN([C@@H]3O[C@H](COP(O)(O)=O)[C@@H](O)[C@H]3O)C2=NC=N1","1"
"6049","Edetic Acid","HMDB0015109","6049","42191","C00284",NA,"OC(=O)CN(CCN(CC(O)=O)CC(O)=O)CC(O)=O","1"
"587","Phosphocreatine","HMDB0001511","587","17287","C02305","6288","CN(CC(O)=O)C(=N)NP(O)(O)=O","1"
"5892","NAD","HMDB0000902","5892","44215","C00003","5858","NC(=O)C1=C[N+](=CC=C1)[C@@H]1O[C@H](COP([O-])(=O)OP(O)(=O)OC[C@H]2O[C@H]([C@H](O)[C@@H]2O)N2C=NC3=C2N=CN=C3N)[C@@H](O)[C@H]1O","1"
"439219","N-Acetylglucosamine 6-phosphate","HMDB0002817","439219",NA,NA,"3429","CC(=O)N[C@H]1[C@@H](O)O[C@H](COP(O)(O)=O)[C@@H](O)[C@@H]1O","1"
"13804","NA","NA","NA","NA","NA","NA","NA","0"
"1014","Phosphorylcholine","HMDB0001565","1014","18132","C00588","6326","C[N+](C)(C)CCOP(O)(O)=O","1"
"123727","CDP-ethanolamine","HMDB0001564","123727","16732","C00570","3538","NCCOP(O)(=O)OP(O)(=O)OC[C@H]1O[C@H]([C@H](O)[C@@H]1O)N1C=CC(N)=NC1=O","1"
"6022","ADP","HMDB0001341","6022","16761","C00008","6175","NC1=NC=NC2=C1N=CN2[C@@H]1O[C@H](COP(O)(=O)OP(O)(O)=O)[C@@H](O)[C@H]1O","1"
"34756","S-Adenosylmethionine","HMDB0001185","34756","15414","C00019","6064","C[S+](CC[C@H](N)C(O)=O)C[C@H]1O[C@H]([C@H](O)[C@@H]1O)N1C=NC2=C1N=CN=C2N","1"
"195","Adenylosuccinic acid","HMDB0248010","195",NA,NA,NA,"OC1C(COP(O)(O)=O)OC(C1O)N1C=NC2=C(NC(CC(O)=O)C(O)=O)N=CN=C12","1"
"3418","Fosfosal","HMDB0252467","3418","29052","C00118",NA,"OC(=O)C1=CC=CC=C1OP(O)(O)=O","1"
"496","N1-Acetylspermidine","HMDB0001276","496","17927","C00612","3323","CC(=O)NCCCNCCCCN","1"
"22932","Bis(2-ethylhexyl) terephthalate","HMDB0249244","22932",NA,NA,NA,"CCCCC(CC)COC(=O)C1=CC=C(C=C1)C(=O)OCC(CC)CCCC","1"
"7010499","Lysylisoleucine","HMDB0028954","7010499","74559",NA,NA,"CC[C@H](C)[C@H](NC(=O)[C@@H](N)CCCCN)C(O)=O","1"
"6322","L-Arginine","HMDB0000517","6322","16467","C00062","5502","N[C@@H](CCCNC(N)=N)C(O)=O","1"
"10690","Gluconic acid","HMDB0000625","10690","33198","C00257","345","OC[C@@H](O)[C@@H](O)[C@H](O)[C@@H](O)C(O)=O","1"
"439184","D-Ribulose 5-phosphate","HMDB0000618","439184","17363","C00199","5591","OCC(=O)[C@H](O)[C@H](O)COP(O)(O)=O","1"
"65369","Fucose 1-phosphate","HMDB0001265","65369","12387","C02985","6120","C[C@@H]1O[C@H](OP(O)(O)=O)[C@@H](O)[C@H](O)[C@@H]1O","1"
"448209","Cytidine 5'-monophosphate-N-acetylneuraminic acid","HMDB0001176","448209","16556","C00128","6057","[H][C@]1(O[C@](C[C@H](O)[C@H]1NC(C)=O)(OP(O)(=O)OC[C@H]1O[C@H]([C@H](O)[C@@H]1O)N1C=CC(N)=NC1=O)C(O)=O)[C@H](O)[C@H](O)CO","1"
"7018721","Ophthalmic acid","HMDB0005765","7018721","84058","C21016",NA,"CC[C@H](NC(=O)CC[C@H](N)C(O)=O)C(=O)NCC(O)=O","1"
"6057","L-Tyrosine","HMDB0000158","6057","17895","C00082","34","N[C@@H](CC1=CC=C(O)C=C1)C(O)=O","1"
"18218218","Isoleucyl-Glutamate","HMDB0028906","18218218",NA,NA,NA,"CCC(C)C(N)C(=O)NC(CCC(O)=O)C(O)=O","1"
"7021866","NA","NA","NA","NA","NA","NA","NA","0"
"3035422","2-Methylguanosine","HMDB0005862","3035422","19702",NA,NA,"CNC1=NC(=O)C2=C(N1)N(C=N2)[C@@H]1O[C@H](CO)[C@@H](O)[C@H]1O","1"
"1549453","NA","NA","NA","NA","NA","NA","NA","0"
"107475","Valylvaline","HMDB0029140","107475","73704",NA,NA,"CC(C)[C@H](N)C(=O)N[C@@H](C(C)C)C(O)=O","1"
"74833","NA","NA","NA","NA","NA","NA","NA","0"
"315878","NA","NA","NA","NA","NA","NA","NA","0"
"196473","4-Aminobenzoylglutamic acid",NA,"196473",NA,NA,NA,NA,"1"
"11868","NA","NA","NA","NA","NA","NA","NA","0"
"18218182","Asparaginyl-Leucine","HMDB0028735","18218182",NA,NA,NA,"CC(C)CC(NC(=O)C(N)CC(N)=O)C(O)=O","1"
"96814","Alanylphenylalanine","HMDB0028694","96814","73807",NA,NA,"C[C@H](N)C(=O)N[C@@H](CC1=CC=CC=C1)C(O)=O","1"
"4765","4-Hydroxybenzenesulfonic acid",NA,"4765",NA,NA,NA,NA,"1"
"7010531","Valylisoleucine","HMDB0029130","7010531","75012",NA,NA,"CC[C@H](C)[C@H](NC(=O)[C@@H](N)C(C)C)C(O)=O","1"
"68310","N-Acetyl-L-tyrosine","HMDB0000866","68310","21563","C01657",NA,"CC(=O)N[C@@H](CC1=CC=C(O)C=C1)C(O)=O","1"
"14409364","Seryltryptophan","HMDB0029050","14409364","141445",NA,NA,"N[C@@H](CO)C(=O)N[C@@H](CC1=CNC2=C1C=CC=C2)C(O)=O","1"
"333703","NA","NA","NA","NA","NA","NA","NA","0"
"643976","Flavin mononucleotide","HMDB0001520","643976","17621","C00061","6295","CC1=CC2=C(C=C1C)N(C[C@H](O)[C@H](O)[C@H](O)COP(O)(O)=O)C1=NC(=O)NC(=O)C1=N2","1"
"11305","1,4-Dihydroxynaphthalene","HMDB0255445","11305","34063","C14785",NA,"OC1=CC=C(O)C2=CC=CC=C12","1"
"3634442","Tryptophyl-Glutamate","HMDB0029082","3634442",NA,NA,NA,"NC(CC1=CNC2=C1C=CC=C2)C(=O)NC(CCC(O)=O)C(O)=O","1"
"30647","NA","NA","NA","NA","NA","NA","NA","0"
"70912","N-Acetyl-Leu","HMDB0011756","70912","17786","C02710",NA,"CC(C)C[C@H](NC(C)=O)C(O)=O","1"
"92970719","4-Hydroxynonenal glutathione","HMDB0240578","92970719",NA,NA,NA,"CCCCC[C@@H]1O[C@@H](O)C[C@@H]1SC[C@H](NC(=O)CC[C@H](N)C(O)=O)C(=O)NCC(O)=O","1"
"2000","N-Acetyl-DL-phenylalanine","HMDB0255056","2000","21626",NA,NA,"CC(=O)NC(CC1=CC=CC=C1)C(O)=O","1"
"13625","2(3H)-Benzothiazolone","HMDB0249030","13625","115196",NA,NA,"OC1=NC2=CC=CC=C2S1","1"
"2733480","3-(Cyclohexylamino)-2-hydroxy-1-propanesulfonic acid","HMDB0247339","2733480",NA,NA,NA,"OC(CNC1CCCCC1)CS(O)(=O)=O","1"
"5192","Sebacic acid","HMDB0000792","5192","41865","C08277","4240","OC(=O)CCCCCCCCC(O)=O","1"
"12227668","NA","NA","NA","NA","NA","NA","NA","0"
"102571644","NA","NA","NA","NA","NA","NA","NA","0"
"16061101","2,3-dinor-PGE1",NA,"16061101",NA,NA,NA,"CCCCC(O)/C=C/1(O)CC(=O)1CCCCC(=O)O","1"
"3124834","NA","NA","NA","NA","NA","NA","NA","0"
"9547070","LysoPE(14:0/0:0)","HMDB0011500","9547070","84299",NA,NA,"[H][C@@](O)(COC(=O)CCCCCCCCCCCCC)COP(O)(=O)OCCN","1"
"156602850","NA","NA","NA","NA","NA","NA","NA","0"
"195638","NA","NA","NA","NA","NA","NA","NA","0"
"129008947","NA","NA","NA","NA","NA","NA","NA","0"
"45359145","NA","NA","NA","NA","NA","NA","NA","0"
"6443815","8Z,1Z1,14Z-Eicosatrien-5-ynoic acid",NA,"6443815",NA,NA,NA,"CCCCC/C=C\C/C=C\C/C=C\CC#CCCCC(=O)O","1"
"5282768","11Z-Eicosenoic acid","HMDB0002231","5282768","32425","C16526","6563","CCCCCCCC\C=C/CCCCCCCCCC(O)=O","1"
"616","Sedoheptulose 7-phosphate","HMDB0258206","616",NA,"C05382",NA,"OCC(=O)C(O)C(O)C(O)C(O)COP(O)(O)=O","1"
"439162","Glycerol 3-phosphate","HMDB0000126","439162","15978","C00093","5161","OC[C@@H](O)COP(O)(O)=O","1"
"77278","NA","NA","NA","NA","NA","NA","NA","0"
"135398597","NA","NA","NA","NA","NA","NA","NA","0"
"440043","D-myo-Inositol 4-phosphate","HMDB0001313","440043","18384","C03546","6151","O[C@@H]1[C@H](O)[C@H](O)[C@@H](OP(O)(O)=O)[C@H](O)[C@H]1O","1"
"7020029","Glutaminylglutamic acid","HMDB0028796","7020029","73847",NA,NA,"N[C@@H](CCC(N)=O)C(=O)N[C@@H](CCC(O)=O)C(O)=O","1"
"18068","Uridine diphosphategalactose","HMDB0000302","18068","67119","C00052","5291","OC[C@H]1O[C@H](OP(O)(=O)OP(O)(=O)OC[C@H]2O[C@H]([C@H](O)[C@@H]2O)N2C=CC(=O)NC2=O)[C@H](O)[C@@H](O)[C@H]1O","1"
"439211","GDP-L-fucose","HMDB0001095","439211","17009","C00325","6001","C[C@@H]1OC(OP(O)(=O)OP(O)(=O)OC[C@H]2O[C@H]([C@H](O)[C@@H]2O)N2C=NC3=C2N=C(N)NC3=O)[C@@H](O)[C@H](O)[C@@H]1O","1"
"65063","dUMP","HMDB0001409","65063","17622","C00365","6225","O[C@H]1C[C@@H](O[C@@H]1COP(O)(O)=O)N1C=CC(=O)NC1=O","1"
"135398631","NA","NA","NA","NA","NA","NA","NA","0"
"6029","Uridine","HMDB0000296","6029","16704","C00299","90","OC[C@H]1O[C@H]([C@H](O)[C@@H]1O)N1C=CC(=O)NC1=O","1"
"135398640","NA","NA","NA","NA","NA","NA","NA","0"
"124886","Glutathione","HMDB0000125","124886","16856","C00051","44","N[C@@H](CCC(=O)N[C@@H](CS)C(=O)NCC(O)=O)C(O)=O","1"
"9802383","NA","NA","NA","NA","NA","NA","NA","0"
"9700","5-Thymidylic acid","HMDB0001227","9700","17013","C00364","6092","CC1=CN([C@H]2C[C@H](O)[C@@H](COP(O)(O)=O)O2)C(=O)NC1=O","1"
"835475","NA","NA","NA","NA","NA","NA","NA","0"
"1188","Xanthine","HMDB0000292","1188","17712","C00385","82","O=C1NC2=C(NC=N2)C(=O)N1","1"
"447145","Adenylsuccinic acid","HMDB0000536","447145","15919","C03794","5521","O[C@@H]1[C@@H](COP(O)(O)=O)O[C@H]([C@@H]1O)N1C=NC2=C1N=CN=C2N[C@@H](CC(O)=O)C(O)=O","1"
"6802","Guanosine","HMDB0000133","6802","16750","C00387","87","NC1=NC2=C(N=CN2[C@@H]2O[C@H](CO)[C@@H](O)[C@H]2O)C(=O)N1","1"
"5884","NADPH","HMDB0000221","5884","16474","C00005","3691","NC(=O)C1=CN(C=CC1)[C@@H]1O[C@H](COP(O)(=O)OP(O)(=O)OC[C@H]2O[C@H]([C@H](OP(O)(O)=O)[C@@H]2O)N2C=NC3=C2N=CN=C3N)[C@@H](O)[C@H]1O","1"
"193508","Phenylalanylserine","HMDB0029004","193508","71032",NA,NA,"N[C@@H](CC1=CC=CC=C1)C(=O)N[C@@H](CO)C(O)=O","1"
"6992567","Glutamylvaline","HMDB0028832","6992567","68846",NA,NA,"CC(C)[C@H](NC(=O)[C@@H](N)CCC(O)=O)C(O)=O","1"
"6140","Phenylalanine","HMDB0000159","6140","17295","C00079","28","N[C@@H](CC1=CC=CC=C1)C(O)=O","1"
"101240","NA","NA","NA","NA","NA","NA","NA","0"
"6426949","Glutamylmethionine","HMDB0028825","6426949","73507",NA,NA,"CSCC[C@H](NC(=O)[C@@H](N)CCC(O)=O)C(O)=O","1"
"57315376","Glutaminylisoleucine","HMDB0028800","57315376",NA,NA,NA,"CC[C@H](C)[C@H](NC(=O)[C@@H](N)CCC(N)=O)C(O)=O","1"
"6031","Uridine 5'-diphosphate","HMDB0000295","6031","17659","C00015",NA,"O[C@H]1[C@@H](O)[C@@H](O[C@@H]1COP(O)(=O)OP(O)(O)=O)N1C=CC(=O)NC1=O","1"
"7009597","Serylphenylalanine","HMDB0029046","7009597","71029",NA,NA,"N[C@@H](CO)C(=O)N[C@@H](CC1=CC=CC=C1)C(O)=O","1"
"7010579","Threonylphenylalanine","HMDB0029068","7010579","74862",NA,NA,"C[C@@H](O)[C@H](N)C(=O)N[C@@H](CC1=CC=CC=C1)C(O)=O","1"
"151023","gamma-Glutamylleucine","HMDB0011171","151023","68433",NA,NA,"CC(C)C[C@H](NC(=O)CC[C@H](N)C(O)=O)C(O)=O","1"
"9378","Hydroxyphenyllactic acid","HMDB0000755","9378","17385","C03672","5723","OC(CC1=CC=C(O)C=C1)C(O)=O","1"
"123985","E64",NA,"123985",NA,NA,NA,NA,"1"
"643975","FAD","HMDB0001248","643975","16238","C00016","6106","CC1=CC2=C(C=C1C)N(C[C@H](O)[C@H](O)[C@H](O)COP(O)(=O)OP(O)(=O)OC[C@H]1O[C@H]([C@H](O)[C@@H]1O)N1C=NC3=C1N=CN=C3N)C1=NC(=O)NC(=O)C1=N2","1"
"70318","NA","NA","NA","NA","NA","NA","NA","0"
"818219","NA","NA","NA","NA","NA","NA","NA","0"
"19266","4-Acetamidobenzoic acid","HMDB0246328","19266","46171",NA,NA,"CC(=O)NC1=CC=C(C=C1)C(O)=O","1"
"904","N-Acetylarylamine","HMDB0001250","904","28884","C07565","6107","CC(=O)NC1=CC=CC=C1","1"
"110491","NA","NA","NA","NA","NA","NA","NA","0"
"13879965","Isoleucyl-Isoleucine","HMDB0028910","13879965",NA,NA,NA,"CCC(C)C(N)C(=O)NC(C(C)CC)C(O)=O","1"
"76808","Phe-Leu",NA,"76808",NA,NA,NA,NA,"1"
"2266","Azelaic acid","HMDB0000784","2266","48131","C08261","5750","OC(=O)CCCCCCCC(O)=O","1"
"138052","9-hydroxy pelargonic acid",NA,"138052","79121",NA,NA,"O=C(O)CCCCCCCCO","1"
"22467566","NA","NA","NA","NA","NA","NA","NA","0"
"15816","Undecanedioic acid","HMDB0000888","15816","73713",NA,"5846","OC(=O)CCCCCCCCCC(O)=O","1"
"24066906","NA","NA","NA","NA","NA","NA","NA","0"
"16061050","9S,10S,11R-trihydroxy-12Z-octadecenoic acid",NA,"16061050","138082",NA,NA,"CCCCC/C=C\(O)(O)(O)CCCCCCCC(=O)O","1"
"246868","NA","NA","NA","NA","NA","NA","NA","0"
"10443535","2-Hydroxyibuprofen","HMDB0060920","10443535","133197",NA,NA,"CC(C(O)=O)C1=CC=C(CC(C)(C)O)C=C1","1"
"31211","Zingerone","HMDB0032590","31211","68657","C17497",NA,"COC1=C(O)C=CC(CCC(C)=O)=C1","1"
"5280883","Prostaglandin G2","HMDB0003235","5280883","27647","C05956","3508","[H][C@@](CCCCC)(OO)\C=C\[C@@]1([H])[C@@]2([H])C[C@]([H])(OO2)[C@]1([H])C\C=C/CCCC(O)=O","1"
"16727166","NA","NA","NA","NA","NA","NA","NA","0"
"132285229","NA","NA","NA","NA","NA","NA","NA","0"
"156373480","[8]-Gingerdiol","HMDB0302129","156373480",NA,NA,NA,"CCCCCCCC(CC(CCC1=CC=C(O)C(OC)=C1)OC(C)=O)OC(C)=O","1"
"3330","Carbonyl cyanide p-trifluoromethoxyphenylhydrazone","HMDB0252179","3330","75458",NA,NA,"FC(F)(F)OC1=CC=C(NN=C(C#N)C#N)C=C1","1"
"3423265","NA","NA","NA","NA","NA","NA","NA","0"
"109265","NA","NA","NA","NA","NA","NA","NA","0"
"5356421","12,13-EpOME","HMDB0004702","5356421","38299","C14826",NA,"CCCCCC1OC1C\C=C/CCCCCCCC(O)=O","1"
"9547099","LysoPS(18:1(9Z)/0:0)","HMDB0240603","9547099","52649",NA,NA,"CCCCCCCC\C=C/CCCCCCCC(=O)OC[C@@H](O)COP(O)(=O)OC[C@H](N)C(O)=O","1"
"688023","NA","NA","NA","NA","NA","NA","NA","0"
"15868","9,10-Epoxystearic acid","HMDB0247617","15868","85661","C19418",NA,"CCCCCCCCC1OC1CCCCCCCC(O)=O","1"
"5283005","3-Oxooctadecanoic acid","HMDB0010736","5283005","50576",NA,NA,"CCCCCCCCCCCCCCCC(=O)CC(O)=O","1"
"9547068","LysoPE(18:0/0:0)","HMDB0011130","9547068","75036","C21484",NA,"[H][C@@](O)(COC(=O)CCCCCCCCCCCCCCCCC)COP(O)(=O)OCCN","1"
"12575964","2-Hydroxyhexadecanoic acid","HMDB0031057","12575964","75977",NA,NA,"CCCCCCCCCCCCCC[C@H](O)C(O)=O","1"
"1899","8,11-Eicosadiynoic acid",NA,"1899",NA,NA,NA,"CCCCCCCCC#CCC#CCCCCCCC(=O)O","1"
"1103","Spermine","HMDB0001256","1103","15746","C00750","255","NCCCNCCCCNCCCN","1"
"5488196","Phenylalanylalanine","HMDB0028988","5488196","73630",NA,NA,"C[C@H](NC(=O)[C@@H](N)CC1=CC=CC=C1)C(O)=O","1"
"57281443","Threonylisoleucine","HMDB0029064","57281443","141446",NA,NA,"CC[C@H](C)[C@H](NC(=O)[C@@H](N)[C@@H](C)O)C(O)=O","1"
"168379","Isobutyryl-L-carnitine","HMDB0000736","168379","84838",NA,"5704","CC(C)C(=O)O[C@H](CC(O)=O)C[N+](C)(C)C","1"
"7010580","NA","NA","NA","NA","NA","NA","NA","0"
"18918608","NA","NA","NA","NA","NA","NA","NA","0"
"69861","NA","NA","NA","NA","NA","NA","NA","0"
"506","Lumichrome","HMDB0254199","506","17781","C01727",NA,"CC1=CC2=NC3=C(N=C2C=C1C)C(=O)NC(=O)N3","1"
"82153","Flunisolide","HMDB0014326","82153","5106","C07005",NA,"[H][C@@]12C[C@@]3([H])[C@]4([H])C[C@H](F)C5=CC(=O)C=C[C@]5(C)[C@@]4([H])[C@@H](O)C[C@]3(C)[C@@]1(OC(C)(C)O2)C(=O)CO","1"
"1004","Phosphate","HMDB0001429","1004","26078","C00009","3231","OP(O)(O)=O","1"
"1519341","NA","NA","NA","NA","NA","NA","NA","0"
"888706","NA","NA","NA","NA","NA","NA","NA","0"
"113027","NA","NA","NA","NA","NA","NA","NA","0"
"34464","NA","NA","NA","NA","NA","NA","NA","0"
"13097","NA","NA","NA","NA","NA","NA","NA","0"
"17386","Pentadecylamine","HMDB0243828","17386","87551",NA,NA,"CCCCCCCCCCCCCCCN","1"
"4277","1,3-Dicyclohexylurea","HMDB0244166","4277",NA,NA,NA,"O=C(NC1CCCCC1)NC1CCCCC1","1"
"228681","NA","NA","NA","NA","NA","NA","NA","0"
"14240","NA","NA","NA","NA","NA","NA","NA","0"
"6426854","Myristoylcarnitine","HMDB0254979","6426854","73061",NA,NA,"CCCCCCCCCCCCCC(=O)OC(CC([O-])=O)C[N+](C)(C)C","1"
"11989","2-(Methylthio)benzothiazole","HMDB0303335","11989","1217","C10910",NA,"CSC1=NC2=CC=CC=C2S1","1"
"14455158","Margaroyl-EA",NA,"14455158",NA,NA,NA,"CCCCCCCCCCCCCCCCC(=O)NCCO","1"
"7656","Dibenzylamine","HMDB0251169","7656",NA,NA,NA,"C(NCC1=CC=CC=C1)C1=CC=CC=C1","1"
"8430","Lauroyl diethanolamide","HMDB0032358","8430",NA,NA,NA,"CCCCCCCCCCCC(=O)N(CCO)CCO","1"
"8289","Triphenyl Phosphate","HMDB0259262","8289","35033","C14235",NA,"O=P(OC1=CC=CC=C1)(OC1=CC=CC=C1)OC1=CC=CC=C1","1"
"440922","3-Ketosphingosine","HMDB0245914","440922","20096","C06121",NA,"CCCCCCCCCCCCCC=CC(=O)C(N)CO","1"
"6950582","NA","NA","NA","NA","NA","NA","NA","0"
"14310","NA","NA","NA","NA","NA","NA","NA","0"
"11565","NA","NA","NA","NA","NA","NA","NA","0"
"181513","NA","NA","NA","NA","NA","NA","NA","0"
"1001","Phenylethylamine","HMDB0012275","1001","18397","C05332",NA,"NCCC1=CC=CC=C1","1"
"637517","Elaidic acid","HMDB0000573","637517","27997","C01712","3406","CCCCCCCC\C=C\CCCCCCCC(O)=O","1"
"5281","Stearic acid","HMDB0000827","5281","28842","C01530","189","CCCCCCCCCCCCCCCCCC(O)=O","1"
"11357","NA","NA","NA","NA","NA","NA","NA","0"
"916","N1-Acetylspermine","HMDB0001186","916","17312","C02567","3369","CC(=O)NCCCNCCCCNCCCN","1"
"132680","N1,N12-Diacetylspermine","HMDB0002172","132680","28101","C03413","6525","CC(=O)NCCCNCCCCNCCCNC(C)=O","1"
"22588753","NA","NA","NA","NA","NA","NA","NA","0"
"145453586","Ala-Gly-Glu",NA,"145453586",NA,NA,NA,NA,"1"
"145454743","Cys-Gly-Glu",NA,"145454743",NA,NA,NA,NA,"1"
"83230","NA","NA","NA","NA","NA","NA","NA","0"
"985","Palmitic acid","HMDB0000220","985","15756","C00249","187","CCCCCCCCCCCCCCCC(O)=O","1"
"53074722","NA","NA","NA","NA","NA","NA","NA","0"
"145456367","Leu-Asp-Cys",NA,"145456367",NA,NA,NA,NA,"1"
"11952","2-Aminoacetophenone","HMDB0032628","11952",NA,NA,NA,"NCC(=O)C1=CC=CC=C1","1"
"279973","NA","NA","NA","NA","NA","NA","NA","0"
"7009630","NA","NA","NA","NA","NA","NA","NA","0"
"11778518","Threonyltyrosine","HMDB0029073","11778518","73667",NA,NA,"C[C@@H](O)[C@H](N)C(=O)N[C@@H](CC1=CC=C(O)C=C1)C(O)=O","1"
"10445608","NA","NA","NA","NA","NA","NA","NA","0"
"6992643","Phenylalanylaspartic acid","HMDB0028991","6992643","73631",NA,NA,"N[C@@H](CC1=CC=CC=C1)C(=O)N[C@@H](CC(O)=O)C(O)=O","1"
"7015689","NA","NA","NA","NA","NA","NA","NA","0"
"151134","Phenylalanylglutamic acid","HMDB0028994","151134","74712",NA,NA,"N[C@@H](CC1=CC=CC=C1)C(=O)N[C@@H](CCC(O)=O)C(O)=O","1"
"515717","Glutamyltyrosine","HMDB0028831","515717","73513",NA,NA,"N[C@@H](CCC(O)=O)C(=O)N[C@@H](CC1=CC=C(O)C=C1)C(O)=O","1"
"268926","NA","NA","NA","NA","NA","NA","NA","0"
"7009555","NA","NA","NA","NA","NA","NA","NA","0"
"7015695","NA","NA","NA","NA","NA","NA","NA","0"
"145456413","Leu-Glu-Gly",NA,"145456413",NA,NA,NA,NA,"1"
"7009598","NA","NA","NA","NA","NA","NA","NA","0"
"7010532","NA","NA","NA","NA","NA","NA","NA","0"
"145456125","Ile-Glu-Ala",NA,"145456125",NA,NA,NA,NA,"1"
"16720","1,5-Naphthalenediamine","HMDB0244231","16720","53003","C19463",NA,"NC1=CC=CC2=C1C=CC=C2N","1"
"62551","Pentaethylene glycol","HMDB0256256","62551","39631",NA,NA,"OCCOCCOCCOCCOCCO","1"
"22244","NA","NA","NA","NA","NA","NA","NA","0"
"16644604","NA","NA","NA","NA","NA","NA","NA","0"
"25000516","NA","NA","NA","NA","NA","NA","NA","0"
"273262","Leucyl-Tyrosine","HMDB0028941","273262",NA,NA,NA,"CC(C)CC(N)C(=O)NC(CC1=CC=C(O)C=C1)C(O)=O","1"
"145457888","Ser-Thr-Phe",NA,"145457888",NA,NA,NA,NA,"1"
"847760","NA","NA","NA","NA","NA","NA","NA","0"
"21299095","NA","NA","NA","NA","NA","NA","NA","0"
"7010534","NA","NA","NA","NA","NA","NA","NA","0"
"30386","NA","NA","NA","NA","NA","NA","NA","0"
"1826","5-Hydroxyindoleacetic acid","HMDB0000763","1826","27823","C05635","2975","OC(=O)CC1=CNC2=C1C=C(O)C=C2","1"
"49670988","NA","NA","NA","NA","NA","NA","NA","0"
"87071","NA","NA","NA","NA","NA","NA","NA","0"
"7019083","NA","NA","NA","NA","NA","NA","NA","0"
"24984626","Asn-Pro-Lys",NA,"24984626",NA,NA,NA,NA,"1"
"83863","NA","NA","NA","NA","NA","NA","NA","0"
"5311261","NA","NA","NA","NA","NA","NA","NA","0"
"73942","4-Acetamidobenzaldehyde",NA,"73942",NA,NA,NA,NA,"1"
"464","Hippuric acid","HMDB0000714","464","18089","C01586","1301","OC(=O)CNC(=O)C1=CC=CC=C1","1"
"145455140","Gln-Lys-Leu",NA,"145455140",NA,NA,NA,NA,"1"
"6993090","NA","NA","NA","NA","NA","NA","NA","0"
"6997510","NA","NA","NA","NA","NA","NA","NA","0"
"5839","Aldosterone","HMDB0000037","5839","27584","C01780","418","[H][C@@]12CC[C@H](C(=O)CO)[C@]1(C[C@H](O)[C@@]1([H])[C@@]2([H])CCC2=CC(=O)CC[C@]12C)C=O","1"
"13213508","NA","NA","NA","NA","NA","NA","NA","0"
"71471842","Trp-Pro-Lys",NA,"71471842",NA,NA,NA,NA,"1"
"170307","NA","NA","NA","NA","NA","NA","NA","0"
"9836244","NA","NA","NA","NA","NA","NA","NA","0"
"10267038","NA","NA","NA","NA","NA","NA","NA","0"
"4039117","2alpha-Hydroxyalantolactone","HMDB0030910","4039117",NA,NA,NA,"CC1CC(O)CC2(C)CC3OC(=O)C(=C)C3C=C12","1"
"15007","3,5-Di-tert-butyl-4-hydroxybenzoic acid","HMDB0240642","15007",NA,NA,NA,"CC(C)(C)C1=CC(=CC(=C1O)C(C)(C)C)C(O)=O","1"
"53189943","NA","NA","NA","NA","NA","NA","NA","0"
"6042891","Valerenic acid","HMDB0030016","6042891",NA,"C09743",NA,"CC1CCC(\C=C(/C)C(O)=O)C2=C(C)CCC12","1"
"71694483","NA","NA","NA","NA","NA","NA","NA","0"
"53013151","NA","NA","NA","NA","NA","NA","NA","0"
"4973739","NA","NA","NA","NA","NA","NA","NA","0"
"36247","Isopalmitic acid","HMDB0031068","36247","84890",NA,NA,"CC(C)CCCCCCCCCCCCC(O)=O","1"
"3161908","NA","NA","NA","NA","NA","NA","NA","0"
"69913","NA","NA","NA","NA","NA","NA","NA","0"
"2229515","NA","NA","NA","NA","NA","NA","NA","0"
"12827208","NA","NA","NA","NA","NA","NA","NA","0"
"5287620","Brefeldin A",NA,"5287620",NA,NA,NA,NA,"1"
"7222","Benzothiazole","HMDB0032930","7222","45993",NA,NA,"S1C=NC2=CC=CC=C12","1"
"21859","16-Methylheptadecanoic acid","HMDB0031066","21859","84896","C20356",NA,"CC(C)CCCCCCCCCCCCCCC(O)=O","1"
"51136569","NA","NA","NA","NA","NA","NA","NA","0"
"10355684","Phenylalanylcysteine","HMDB0028992","10355684",NA,NA,NA,"N[C@@H](CC1=CC=CC=C1)C(=O)N[C@@H](CS)C(O)=O","1"
"41270","NA","NA","NA","NA","NA","NA","NA","0"
"12827211","NA","NA","NA","NA","NA","NA","NA","0"
"77901","NA","NA","NA","NA","NA","NA","NA","0"
"7009608","Valylaspartic acid","HMDB0029123","7009608","75009",NA,NA,"CC(C)[C@H](N)C(=O)N[C@@H](CC(O)=O)C(O)=O","1"
"8295","NA","NA","NA","NA","NA","NA","NA","0"
"5787","2,4-Dichlorobenzoic acid",NA,"5787",NA,NA,NA,NA,"1"
"22051740","NA","NA","NA","NA","NA","NA","NA","0"
"6285057","NA","NA","NA","NA","NA","NA","NA","0"
"27209","Dihydroactinidiolide","HMDB0035240","27209",NA,NA,NA,"CC12CCCC(C)(C)C1=CC(=O)O2","1"
"46978227","NA","NA","NA","NA","NA","NA","NA","0"
"226486","Methoxyeugenol","HMDB0041194","226486","86562",NA,NA,"COC1=CC(CC=C)=CC(OC)=C1O","1"
"5744","Cortisol 21-acetate",NA,"5744","17609","C02821",NA,"CC(=O)OCC(=O)1(O)CC23CCC4=CC(=O)CC4(C)3(O)C21C","1"
"91915477","NA","NA","NA","NA","NA","NA","NA","0"
"5157251","NA","NA","NA","NA","NA","NA","NA","0"
"31386","Diphenyl sulfone","HMDB0251453","31386","78360",NA,NA,"O=S(=O)(C1=CC=CC=C1)C1=CC=CC=C1","1"
"9881506","NA","NA","NA","NA","NA","NA","NA","0"
"6435901","Linoleamide","HMDB0062656","6435901","82984",NA,NA,"[H]\C(CCCCC)=C(/[H])C\C([H])=C(\[H])CCCCCCCC(O)=N","1"
"92854","3,17-dioxoandrost-4-en-19-al",NA,"92854","799","C05297",NA,"C12CC3(CCC4=CC(=O)CC43C=O)1CCC2=O","1"
"2361","NA","NA","NA","NA","NA","NA","NA","0"
"17254514","NA","NA","NA","NA","NA","NA","NA","0"
"57509504","NA","NA","NA","NA","NA","NA","NA","0"
"11069095","NA","NA","NA","NA","NA","NA","NA","0"
"637540","2-Hydroxycinnamic acid","HMDB0002641","637540","18125","C01772","6727","OC(=O)\C=C\C1=C(O)C=CC=C1","1"
"6446027","13-OxoODE","HMDB0004668","6446027","68947","C14765",NA,"CCCCCC(=O)\C=C\C=C/CCCCCCCC(O)=O","1"
"52416435","NA","NA","NA","NA","NA","NA","NA","0"
"51136570","NA","NA","NA","NA","NA","NA","NA","0"
"7020","NA","NA","NA","NA","NA","NA","NA","0"
"11629749","NA","NA","NA","NA","NA","NA","NA","0"
"5280335","Sphingosine","HMDB0000252","5280335","16393","C00319","392","CCCCCCCCCCCCC\C=C\[C@@H](O)[C@@H](N)CO","1"
"44263365","5-alpha-Dihydrotestosterone glucuronide","HMDB0006203","44263365","89417",NA,NA,"[H][C@@]12CC[C@H](O[C@]3([H])O[C@@H]([C@@H](O)[C@H](O)[C@H]3O)C(O)=O)[C@@]1(C)CC[C@@]1([H])[C@@]2([H])CC[C@@]2([H])CC(=O)CC[C@]12C","1"
"91486","Sphinganine","HMDB0000269","91486","16566","C00836","5268","CCCCCCCCCCCCCCC[C@@H](O)[C@@H](N)CO","1"
"14608480","NA","NA","NA","NA","NA","NA","NA","0"
"32484","NA","NA","NA","NA","NA","NA","NA","0"
"5321010","NA","NA","NA","NA","NA","NA","NA","0"
"145456954","Met-His-Lys",NA,"145456954",NA,NA,NA,NA,"1"
"256737","17-Epiestriol","HMDB0000356","256737","42156",NA,"5345","[H][C@@]12C[C@@H](O)[C@@H](O)[C@@]1(C)CC[C@]1([H])C3=C(CC[C@@]21[H])C=C(O)C=C3","1"
"23899997","NA","NA","NA","NA","NA","NA","NA","0"
"442793","NA","NA","NA","NA","NA","NA","NA","0"
"5312495","Pinolenic acid",NA,"5312495","86136",NA,NA,"CCCCC/C=C\C/C=C\CC/C=C\CCCC(=O)O","1"
"173651","NA","NA","NA","NA","NA","NA","NA","0"
"6246154","9,10-Epoxyoctadecenoic acid","HMDB0004701","6246154","34494","C14825",NA,"CCCCC\C=C/CC1OC1CCCCCCCC(O)=O","1"
"327378","Alantolactone","HMDB0035906","327378","2540","C09289",NA,"CC1CCCC2(C)CC3OC(=O)C(=C)C3C=C12","1"
"5280411","12-oxo-PDA","HMDB0301804","5280411","15560","C01226",NA,"CC\C=C/C[C@H]1[C@@H](CCCCCCCC(O)=O)C=CC1=O","1"
"442187","NA","NA","NA","NA","NA","NA","NA","0"
"3989419","NA","NA","NA","NA","NA","NA","NA","0"
"11799","NA","NA","NA","NA","NA","NA","NA","0"
"25064137","NA","NA","NA","NA","NA","NA","NA","0"
"24779458","CE(22:5(7Z,10Z,13Z,16Z,19Z))","HMDB0010375","24779458","131924","C04230",NA,"CC\C=C/C\C=C/C\C=C/C\C=C/C\C=C/CCCCCC(=O)O[C@H]1CC[C@]2(C)C3CC[C@]4(C)C(CCC4C3CC=C2C1)[C@H](C)CCCC(C)C","1"
"5282800","(10E,12Z)-Octadecadienoic acid","HMDB0005048","5282800","44526","C04056",NA,"CCCCC\C=C/C=C/CCCCCCCCC(O)=O","1"
"24871190","NA","NA","NA","NA","NA","NA","NA","0"
"5280450","Linoleic acid","HMDB0000673","5280450","17351","C01595","191","CCCCC\C=C/C\C=C/CCCCCCCC(O)=O","1"
"119193","1-O-Hexyl-2,3,5-trimethylhydroquinone","HMDB0253220","119193",NA,NA,NA,"CCCCCCOC1=CC(C)=C(O)C(C)=C1C","1"
"45359298","NA","NA","NA","NA","NA","NA","NA","0"
"71306340","NA","NA","NA","NA","NA","NA","NA","0"
"5312508","Stearidonic acid","HMDB0006547","5312508","32389","C16300",NA,"CC\C=C/C\C=C/C\C=C/C\C=C/CCCCC(O)=O","1"
"325292","Cadabicilone","HMDB0037559","325292","174307",NA,NA,"CC1C2CCC3(C)CCC(=O)C(C)C3C2OC1=O","1"
"11452543","NA","NA","NA","NA","NA","NA","NA","0"
"10225","Cadalene","HMDB0059698","10225","89476",NA,NA,"CC(C)C1=C2C=C(C)C=CC2=C(C)C=C1","1"
"29212","NA","NA","NA","NA","NA","NA","NA","0"
"5281483","Microhelenin C",NA,"5281483",NA,NA,NA,NA,"1"
"94141","NA","NA","NA","NA","NA","NA","NA","0"
"24779469","LysoPC(18:3(9Z,12Z,15Z)/0:0)","HMDB0010388","24779469","133456","C04230",NA,"CC\C=C/C\C=C/C\C=C/CCCCCCCC(=O)OC[C@](O)([H])COP([O-])(=O)OCC[N+](C)(C)C","1"
"23689330","NA","NA","NA","NA","NA","NA","NA","0"
"11447032","NA","NA","NA","NA","NA","NA","NA","0"
"196216","Curlone","HMDB0037068","196216",NA,NA,NA,"CC(CC(=O)C=C(C)C)C1CCC(=C)C=C1","1"
"11380794","9-KOT",NA,"11380794","142251",NA,NA,"CC/C=C\C/C=C\C=C\C(=O)CCCCCCCC(=O)O","1"
"52925149","1-Heptadecanoylglycerophosphoethanolamine","HMDB0061691","52925149","84490",NA,NA,"CCCCCCCCCCCCCCCCC(=O)OC[C@@H](O)COP(O)(=O)OCCN","1"
"1768299","NA","NA","NA","NA","NA","NA","NA","0"
"5282796","(9E,11E)-Octadecadienoic acid","HMDB0005047","5282796","88464","C04056",NA,"CCCCCC\C=C\C=C\CCCCCCCC(O)=O","1"
"10000607","NA","NA","NA","NA","NA","NA","NA","0"
"11273","Formestane",NA,"11273",NA,NA,NA,NA,"1"
"52925141","LysoPE(20:3(8Z,11Z,14Z)/0:0)","HMDB0011516","52925141",NA,NA,NA,"[H][C@@](O)(COC(=O)CCCCCC\C=C/C\C=C/C\C=C/CCCCC)COP(O)(=O)OCCN","1"
"16061104","15-deoxy-delta-12,14-PGA2",NA,"16061104","63975",NA,NA,"CCCCC/C=C/C=C1/C=CC(=O)1C/C=C\CCCC(=O)O","1"
"7659351","NA","NA","NA","NA","NA","NA","NA","0"
"23872148","NA","NA","NA","NA","NA","NA","NA","0"
"443970","NA","NA","NA","NA","NA","NA","NA","0"
"1711973","NA","NA","NA","NA","NA","NA","NA","0"
"78933","Tetraethylene glycol monododecyl ether","HMDB0246913","78933",NA,NA,NA,"CCCCCCCCCCCCOCCOCCOCCOCCO","1"
"1711945","NA","NA","NA","NA","NA","NA","NA","0"
"666649","NA","NA","NA","NA","NA","NA","NA","0"
"10287826","NA","NA","NA","NA","NA","NA","NA","0"
"5312414","cis-Palmitvaccenic acid",NA,"5312414","35464",NA,NA,"CCCC/C=C\CCCCCCCCCC(=O)O","1"
"123409","MG(0:0/16:0/0:0)","HMDB0011533","123409","75455",NA,NA,"[H]C(CO)(CO)OC(=O)CCCCCCCCCCCCCCC","1"
"5319879","MG(0:0/18:1(9Z)/0:0)","HMDB0011537","5319879","73990",NA,NA,"[H]C(CO)(CO)OC(=O)CCCCCCC\C=C/CCCCCCCC","1"
"11130338","L-threo-Sphingosine",NA,"11130338",NA,NA,NA,NA,"1"
"305916","NA","NA","NA","NA","NA","NA","NA","0"
"6893","2,3-Dimethylaniline","HMDB0245399","6893",NA,NA,NA,"CC1=C(C)C(N)=CC=C1","1"
"5504","Tolazoline","HMDB0014935","5504","28502","C07147",NA,"C(C1=NCCN1)C1=CC=CC=C1","1"
"10913","NA","NA","NA","NA","NA","NA","NA","0"
"8995","NA","NA","NA","NA","NA","NA","NA","0"
"6476992","NA","NA","NA","NA","NA","NA","NA","0"
"2049894","NA","NA","NA","NA","NA","NA","NA","0"
"31292","Octadecanamide","HMDB0034146","31292","34900","C13846",NA,"CCCCCCCCCCCCCCCCCC(N)=O","1"
"53442596","NA","NA","NA","NA","NA","NA","NA","0"
"5282310","Cer(d18:1/14:0)","HMDB0011773","5282310","72957","C13916",NA,"CCCCCCCCCCCCC\C=C\[C@@H](O)[C@H](CO)NC(=O)CCCCCCCCCCCCC","1"
"459494","2-(3-Phenylpropyl)pyridine","HMDB0036173","459494",NA,NA,NA,"C(CC1=CC=CC=C1)CC1=NC=CC=C1","1"
"5311017","Benzphetamine","HMDB0015003","5311017","3044","C07538",NA,"C[C@@H](CC1=CC=CC=C1)N(C)CC1=CC=CC=C1","1"
"7728","5-Ethyl-2-methylpyridine","HMDB0029729","7728","481701",NA,NA,"CCC1=CN=C(C)C=C1","1"
"8717","NA","NA","NA","NA","NA","NA","NA","0"
"5365371","Erucamide",NA,"5365371","142245",NA,NA,"CCCCCCCC/C=C\CCCCCCCCCCCC(N)=O","1"
"2060073","NA","NA","NA","NA","NA","NA","NA","0"
"61329","NA","NA","NA","NA","NA","NA","NA","0"
"8168","N,N-Dimethyldodecylamine","HMDB0255262","8168",NA,NA,NA,"CCCCCCCCCCCCN(C)C","1"
"192172","NA","NA","NA","NA","NA","NA","NA","0"
